{
  "accuracy": [
    0.05234374850988388,
    0.0794270858168602,
    0.07343749701976776,
    0.09166666865348816,
    0.10572917014360428,
    0.109375,
    0.11796875298023224,
    0.11562500149011612,
    0.12213541567325592,
    0.12604166567325592,
    0.12187500298023224,
    0.12447916716337204,
    0.12786458432674408,
    0.14036458730697632,
    0.13515624403953552,
    0.1341145783662796,
    0.14895834028720856,
    0.140625,
    0.1419270783662796,
    0.16796875,
    0.1536458283662796,
    0.1497395783662796,
    0.1549479216337204,
    0.16718749701976776,
    0.15390625596046448,
    0.16249999403953552,
    0.1731770783662796,
    0.17239584028720856,
    0.18932291865348816,
    0.1770833283662796,
    0.18437500298023224,
    0.18984374403953552,
    0.19609375298023224,
    0.18671874701976776,
    0.19765624403953552
  ],
  "val_accuracy": [
    0.0416666679084301,
    0.04791666567325592,
    0.04479166492819786,
    0.04479166492819786,
    0.0520833320915699,
    0.08437500149011612,
    0.05937499925494194,
    0.04062499850988388,
    0.04791666567325592,
    0.11041666567325592,
    0.05937499925494194,
    0.15833333134651184,
    0.04374999925494194,
    0.04479166492819786,
    0.0572916679084301,
    0.16875000298023224,
    0.03125,
    0.03854166716337204,
    0.10208333283662796,
    0.04583333432674408,
    0.06354166567325592,
    0.04062499850988388,
    0.0833333358168602,
    0.08124999701976776,
    0.1979166716337204,
    0.13437500596046448,
    0.02187499962747097,
    0.0572916679084301,
    0.05520833283662796,
    0.0520833320915699,
    0.03541666641831398,
    0.0625,
    0.04374999925494194,
    0.06145833432674408,
    0.05000000074505806
  ],
  "loss": [
    4.197801113128662,
    3.6075732707977295,
    3.500932455062866,
    3.188580274581909,
    3.0829055309295654,
    2.9570465087890625,
    2.902597665786743,
    2.8525147438049316,
    2.8172924518585205,
    2.769845724105835,
    2.736957550048828,
    2.7049059867858887,
    2.6957614421844482,
    2.676053285598755,
    2.640200138092041,
    2.631852388381958,
    2.618372678756714,
    2.6071085929870605,
    2.5793652534484863,
    2.546147346496582,
    2.559725761413574,
    2.5593321323394775,
    2.532329797744751,
    2.5129292011260986,
    2.592024326324463,
    2.546360969543457,
    2.4911375045776367,
    2.4540295600891113,
    2.4201693534851074,
    2.4403865337371826,
    2.4126386642456055,
    2.4032042026519775,
    2.3695669174194336,
    2.3831143379211426,
    2.366142511367798
  ],
  "val_loss": [
    4.032349109649658,
    4.198928356170654,
    3.4403722286224365,
    4.684216022491455,
    63.13276290893555,
    14.182684898376465,
    49.10755920410156,
    46.678165435791016,
    144.12059020996094,
    5.754847526550293,
    94.9604721069336,
    2.550952434539795,
    325.8773193359375,
    164.70115661621094,
    56.50978088378906,
    2.3957672119140625,
    343.1284484863281,
    117.5452880859375,
    4.079529285430908,
    309.56243896484375,
    77.62804412841797,
    49.67057418823242,
    3.812204122543335,
    5.033730506896973,
    2.3249270915985107,
    3.0137853622436523,
    15.234365463256836,
    167.74928283691406,
    24.069377899169922,
    82.64811706542969,
    6.628015995025635,
    3.5657424926757812,
    6.663204669952393,
    24.548839569091797,
    6.515789985656738
  ]
}